lucia54,TigreNegro123
juanito2024,EspumaFuerte77
camila_pera,Arbolito45!
tomas_zorro,MariposaVeloz32
patito_k,EstrellaDeSol99
martin_lopez,VerdeMontana@74
veronica_17,RioCaliente345
claudia_sol,SierraGrande505
carlos.bm,RayoFeliz987
mariana29,LagoClaro555
pvpblfl.6664,FuegoRoja077
krxyvxhf390,NubeVeloz047
lsxrxpe74,FlorLejana274
pvkssiwa.912,LuzRoja780
bttex_271,FuegoSuave447
zlfbtzc_08,AguaSuave722
onasq_46,FuegoSuave146
ntdjlc_748,NubeVeloz532
bbwsohxj6368,LuzRoja484
wgelxqv.554,AguaTranquila698
wyugivv937,LuzBrillante369
clffwd_0672,BrisaClara456
xsxlikcb_3650,BrisaTranquila284
qwyyatww_1247,LuzLejana879
htjxbyrx836,MonteVerde517
eaynat_7887,CieloOscura610
hehis.8672,AguaLejana083
edyvyct.071,FlorClara816
qmygrugc.3737,LuzOscura266
nrkxvwxx.78,RayoLejana625
toqelnpp.8112,LuzTranquila103
myzndmls765,LuzRoja700
uvafd33,RayoBrillante973
bbbzrk_05,FuegoSuave013
llpkf.2975,EstrellaDorada026
rmjskrv.1694,FuegoVerde367
stspjlwc_24,FlorLejana858
uhedusy.023,MonteRoja427
djzipet392,FuegoDorada867
oqypfmp650,AguaClara742
tyuksy72,FuegoTranquila609
lnbyzysz.2415,LuzDorada559
gbahrccn_67,RayoBrillante857
ejjlxyog32,BrisaRoja578
hoqshic72,NubeLejana145
vwddqft.53,LuzOscura135
fwwco_31,BrisaSuave078
wqwqppj851,FuegoClara412
mczsoat843,FuegoSuave133
yrsgmaem.847,NubeVeloz072
